,city,lat,max_temp,cloudiness,humidity,lng,country,date,wind_speed
0,udachnyy,66.42,16.0,0,72,112.4,RU,1562611419,2.0
1,qostanay,53.17,19.0,0,55,63.58,KZ,1562611419,2.0
2,nanortalik,60.14,11.18,100,45,-45.24,GL,1562611419,4.78
3,bredasdorp,-34.53,19.0,50,59,20.04,ZA,1562611420,5.7
4,nikel,69.41,10.0,0,66,30.21,NO,1562611420,7.2
5,sumiswald,47.03,22.0,75,56,7.75,CH,1562611420,2.6
6,tasiilaq,65.61,6.0,20,70,-37.64,GL,1562611420,4.1
7,kodiak,39.95,32.0,40,22,-94.76,US,1562611421,2.1
8,labuhan,-2.54,20.18,0,91,115.51,ID,1562611421,0.84
9,ahipara,-35.17,13.78,97,66,173.16,NZ,1562611296,3.99
10,sur,22.57,28.88,8,69,59.53,OM,1562611422,4.98
11,biak,-0.91,17.38,87,98,122.88,ID,1562611422,1.83
12,rikitea,-23.12,21.78,100,93,-134.97,PF,1562611277,8.1
13,cidreira,-30.17,15.98,18,50,-50.22,BR,1562611326,0.54
14,dikson,73.51,0.18,100,97,80.55,RU,1562611286,7.4
15,punta arenas,-53.16,5.0,90,93,-70.91,CL,1562611278,2.1
16,hammerfest,70.66,15.0,0,51,23.68,NO,1562611423,4.6
17,qaanaaq,77.48,3.58,100,92,-69.36,GL,1562611313,1.69
18,yellowknife,62.45,10.0,75,71,-114.38,CA,1562611003,6.2
19,itaituba,-4.26,30.0,20,70,-55.99,BR,1562611423,2.25
20,katsuura,33.93,22.0,75,94,134.5,JP,1562611295,5.1
21,guerrero negro,27.97,18.08,48,88,-114.04,MX,1562611358,4.52
22,azanka,58.04,11.68,100,89,64.79,RU,1562611424,1.44
23,bluff,-23.58,12.78,16,91,149.07,AU,1562611316,0.76
24,jamestown,-33.21,6.98,0,87,138.6,AU,1562611231,1.98
25,kahului,20.89,26.11,75,88,-156.47,US,1562611313,6.7
26,albany,42.65,28.89,20,34,-73.75,US,1562611046,1.5
27,san cristobal,14.68,27.78,79,53,-86.92,HN,1562610846,2.65
28,zhezkazgan,47.8,25.58,0,23,67.71,KZ,1562611425,2.64
29,havre-saint-pierre,50.23,18.0,1,63,-63.6,CA,1562611426,12.3
30,esperance,-33.86,8.0,0,87,121.89,AU,1562611426,4.6
31,ilulissat,69.22,15.0,20,38,-51.1,GL,1562611304,3.1
32,puerto ayora,-0.74,26.0,75,69,-90.35,EC,1562611284,3.1
33,longyearbyen,78.22,10.0,75,81,15.63,NO,1562611340,2.1
34,clinton,41.28,28.33,1,39,-72.53,US,1562611300,1.78
35,alta floresta,-9.87,34.0,0,26,-56.08,BR,1562611379,4.1
36,nouadhibou,20.93,22.0,0,73,-17.03,MR,1562611427,9.8
37,arraial do cabo,-22.97,22.0,20,56,-42.02,BR,1562611056,3.6
38,atuona,-9.8,26.78,0,67,-139.03,PF,1562611301,4.92
39,east london,-33.02,15.0,0,67,27.91,ZA,1562611290,3.1
40,rocha,-34.48,13.18,47,58,-54.34,UY,1562611320,1.84
41,new norfolk,-42.78,7.78,20,70,147.06,AU,1562611278,3.6
42,ponta do sol,-20.63,19.68,0,49,-46.0,BR,1562611294,2.6
43,surt,31.21,28.68,0,56,16.59,LY,1562611429,3.6
44,ust-kut,56.78,14.88,76,93,105.75,RU,1562611429,1.17
45,leningradskiy,69.38,10.68,51,64,178.42,RU,1562611357,3.59
46,busselton,-33.64,11.11,61,73,115.35,AU,1562611289,6.88
47,hermanus,-34.42,17.78,83,71,19.24,ZA,1562611430,3.13
48,halifax,44.65,27.22,20,31,-63.58,CA,1562611249,7.2
49,egvekinot,66.32,20.38,22,45,-179.17,RU,1562611288,1.08
50,shenjiamen,29.96,23.48,100,82,122.3,CN,1562611359,2.32
51,vanderhoof,54.02,21.68,100,57,-124.02,CA,1562611431,0.94
52,paamiut,61.99,9.58,98,64,-49.67,GL,1562611431,3.24
53,vao,59.1,15.28,0,73,26.19,EE,1562611431,3.55
54,hobart,-42.88,7.78,20,70,147.33,AU,1562611218,3.6
55,ushuaia,-54.81,8.0,0,65,-68.31,AR,1562610977,1.5
56,broken hill,-31.97,5.0,0,86,141.45,AU,1562611432,1.44
57,vaini,15.34,26.08,94,85,74.49,IN,1562611279,5.31
58,elizabeth city,36.3,31.67,75,66,-76.22,US,1562611405,3.6
59,port alfred,-33.59,18.33,74,67,26.89,ZA,1562611297,3.13
60,pangody,65.85,10.78,85,65,74.49,RU,1562611433,6.35
61,nikolskoye,59.7,15.56,75,72,30.79,RU,1562611365,4.0
62,butaritari,3.07,27.78,100,73,172.79,KI,1562611291,2.28
63,saint-philippe,45.36,28.33,1,39,-73.48,CA,1562611007,4.6
64,mar del plata,-46.43,9.78,48,60,-67.52,AR,1562611284,4.93
65,thompson,55.74,18.0,90,88,-97.86,CA,1562611194,3.6
66,lompoc,34.64,20.0,90,77,-120.46,US,1562611178,3.1
67,iqaluit,63.75,12.0,90,76,-68.52,CA,1562611351,3.1
68,aksarka,66.56,12.18,99,56,67.8,RU,1562611434,6.12
69,hilo,19.71,26.67,90,83,-155.08,US,1562610938,1.5
70,torbay,47.66,24.44,20,35,-52.73,CA,1562611434,7.7
71,adra,36.75,26.11,0,57,-3.02,ES,1562611435,12.9
72,mountain home,43.13,23.0,75,35,-115.69,US,1562611435,2.6
73,khatanga,71.98,6.28,77,94,102.47,RU,1562611343,1.63
74,mehamn,71.03,10.0,0,81,27.85,NO,1562611069,1.0
75,avarua,-21.21,20.0,33,94,-159.78,CK,1562610989,0.5
76,roebourne,-20.77,20.68,3,31,117.15,AU,1562611436,4.15
77,mataundh,25.44,27.48,100,87,80.16,IN,1562611436,2.31
78,sao filipe,14.9,22.68,79,79,-24.5,CV,1562611275,6.2
79,georgetown,6.8,30.0,20,70,-58.16,GY,1562611211,6.2
80,plettenberg bay,-34.05,14.88,83,76,23.37,ZA,1562611437,1.65
81,yuci,37.68,20.0,0,60,112.73,CN,1562611437,2.0
82,bethel,60.79,22.0,1,78,-161.76,US,1562611293,1.5
83,san rafael del sur,11.85,32.48,100,50,-86.44,NI,1562611438,4.73
84,hasaki,35.73,18.0,75,88,140.83,JP,1562611353,4.1
85,redlands,34.06,25.56,1,53,-117.19,US,1562611438,2.1
86,hithadhoo,-0.6,29.18,34,78,73.08,MV,1562611308,6.34
87,norman wells,65.28,16.0,75,55,-126.83,CA,1562611287,6.2
88,brae,60.4,12.0,58,87,-1.35,GB,1562611354,3.1
89,awbari,26.59,34.28,0,10,12.77,LY,1562611439,3.35
90,pangai,-19.8,23.0,75,100,-174.35,TO,1562611439,3.1
91,pevek,69.7,6.78,37,69,170.27,RU,1562611283,1.03
92,damghan,36.17,17.08,3,79,54.34,IR,1562611440,1.0
93,trinidad,-14.83,27.0,0,44,-64.9,BO,1562611440,2.1
94,sechura,-5.56,17.78,23,88,-80.82,PE,1562611440,5.68
95,kawalu,-7.38,19.38,90,95,108.21,ID,1562611185,1.22
96,sao joao da barra,-21.64,23.0,75,53,-41.05,BR,1562611441,2.1
97,provideniya,64.42,19.08,64,30,-173.23,RU,1562611375,2.52
98,salamiyah,35.01,24.18,0,59,37.05,SY,1562611441,8.22
99,robe,7.12,10.28,28,91,40.01,ET,1562611441,1.81
100,castro,-42.48,10.0,90,100,-73.76,CL,1562611277,6.2
101,umm lajj,25.02,29.18,0,73,37.27,SA,1562611442,1.41
102,puerto leguizamo,-0.19,20.68,100,90,-74.78,CO,1562611442,0.89
103,gizo,31.8,27.78,0,78,34.94,IL,1562611442,2.6
104,faanui,-16.48,26.18,34,82,-151.75,PF,1562611298,7.48
105,praya,-8.71,19.0,20,93,116.27,ID,1562611443,2.1
106,grindavik,63.84,13.89,75,66,-22.43,IS,1562611338,6.2
107,port hardy,50.7,14.0,90,87,-127.42,CA,1562611297,2.1
108,margate,-43.03,7.78,20,70,147.26,AU,1562611443,3.6
109,boa vista,2.82,29.0,75,62,-60.67,BR,1562611443,1.5
110,marawi,8.0,23.89,77,91,124.29,PH,1562611281,2.24
111,kankon,15.02,28.0,90,88,74.02,IN,1562611444,5.1
112,dingle,11.0,23.68,100,85,122.67,PH,1562611292,0.91
113,necochea,-38.55,12.78,100,76,-58.74,AR,1562611444,4.92
114,rawson,-43.3,13.38,31,44,-65.11,AR,1562611445,2.2
115,portland,43.66,29.44,20,36,-70.25,US,1562611353,4.6
116,anadyr,64.73,15.0,0,72,177.51,RU,1562611445,3.0
117,pangoa,-12.12,28.28,24,45,-73.0,PE,1562611445,1.84
118,vanavara,60.35,14.18,27,84,102.28,RU,1562611446,1.1
119,semey,50.41,20.08,81,43,80.25,KZ,1562611446,2.28
120,san joaquin,10.59,24.88,84,86,122.14,PH,1562611446,0.85
121,portales,34.19,29.0,1,42,-103.33,US,1562611447,6.7
122,port elizabeth,39.31,23.89,90,83,-74.98,US,1562611004,2.1
123,dharchula,29.85,14.68,100,98,80.53,IN,1562611447,0.87
124,te anau,-45.41,5.38,100,79,167.72,NZ,1562611171,4.8
125,irbeyskoye,55.64,14.98,40,84,95.45,RU,1562611447,1.02
126,seymchan,62.93,10.98,6,70,152.39,RU,1562611448,1.01
127,mount isa,-20.73,15.0,90,77,139.49,AU,1562611374,1.5
128,half moon bay,37.46,21.11,90,87,-122.43,US,1562611448,3.1
129,gigmoto,13.78,28.88,100,77,124.39,PH,1562611448,3.44
130,bara,10.41,26.38,100,68,10.6,NG,1562611449,3.41
131,mataura,-46.19,8.33,100,83,168.86,NZ,1562611277,6.26
132,gap,44.56,25.0,47,46,6.08,FR,1562611449,1.67
133,pacifica,37.61,18.89,90,87,-122.49,US,1562611170,3.1
134,bathsheba,13.22,29.0,40,79,-59.52,BB,1562611331,7.2
135,kaitangata,-46.28,8.33,100,67,169.85,NZ,1562611300,7.6
136,mahebourg,-20.41,22.22,75,94,57.7,MU,1562611129,2.1
137,sitka,37.17,28.89,81,71,-99.65,US,1562611312,3.58
138,barrow,-38.31,11.38,100,59,-60.23,AR,1562611280,5.97
139,fortuna,38.18,27.78,20,83,-1.13,ES,1562611324,4.1
140,kavieng,-2.57,28.48,100,71,150.8,PG,1562611331,3.98
141,nichlaul,27.32,27.78,100,75,83.73,IN,1562611451,3.57
142,port moresby,-9.47,24.98,0,82,147.16,PG,1562611370,10.61
143,lorengau,-2.02,26.88,96,80,147.27,PG,1562611306,4.72
144,souillac,45.6,30.0,0,35,-0.6,FR,1562611371,4.6
145,kautokeino,69.01,13.68,66,54,23.04,NO,1562611451,3.68
146,narsaq,60.91,20.0,75,19,-46.05,GL,1562611276,12.3
147,lavrentiya,65.58,19.48,30,34,-170.99,RU,1562611016,1.13
148,nioro,13.79,35.18,79,37,-15.05,GM,1562611452,2.46
149,san quintin,17.54,23.58,100,93,120.52,PH,1562611303,1.19
150,pangnirtung,66.15,7.0,90,100,-65.72,CA,1562611379,3.6
151,van,38.51,23.0,75,46,43.37,TR,1562611452,3.6
152,bandarbeyla,9.49,27.78,0,61,50.81,SO,1562611351,10.54
153,kambi,39.22,28.0,0,88,20.9,GR,1562611453,4.6
154,peniche,39.36,21.11,40,82,-9.38,PT,1562611453,4.6
155,chokurdakh,70.62,14.58,0,65,147.9,RU,1562611297,3.67
156,nome,30.04,34.44,1,59,-94.42,US,1562611352,2.1
157,kenora,49.76,27.0,75,57,-94.48,CA,1562611266,6.7
158,togur,58.36,16.18,63,79,82.83,RU,1562611454,4.28
159,mana,13.03,32.08,85,51,5.27,NG,1562611454,6.27
160,carnarvon,-30.97,11.88,0,60,22.13,ZA,1562611290,3.18
161,belaya gora,68.54,17.08,69,47,146.19,RU,1562611454,4.06
162,coihaique,-45.58,8.0,90,100,-72.07,CL,1562611455,1.1
163,isangel,-19.55,21.48,1,70,169.27,VU,1562611340,8.85
164,tepoztlan,18.98,27.0,40,36,-99.1,MX,1562611455,6.2
165,jacareacanga,-6.22,31.48,13,50,-57.76,BR,1562611340,1.32
166,vila franca do campo,37.72,21.0,75,94,-25.43,PT,1562611406,5.7
167,faya,18.39,22.0,0,77,42.45,SA,1562611456,3.1
168,saldanha,41.42,23.68,60,40,-6.55,PT,1562611285,4.69
169,abalak,15.46,34.78,60,38,6.28,NE,1562611456,6.37
170,hirara,24.8,28.78,100,86,125.28,JP,1562611361,7.62
171,cape town,-33.93,17.22,40,87,18.42,ZA,1562611119,5.1
172,victoria,5.28,25.0,75,94,115.24,BN,1562611170,1.26
173,mokhsogollokh,61.4,17.38,100,97,128.95,RU,1562611457,1.4
174,tilichiki,60.47,10.78,100,92,166.1,RU,1562611369,1.75
175,aykhal,65.95,16.0,0,72,111.51,RU,1562611302,2.0
176,durango,24.02,22.22,40,55,-104.67,MX,1562611298,2.1
177,akom,2.67,20.78,76,94,12.71,CM,1562611458,0.63
178,providencia,1.24,20.0,75,72,-77.6,CO,1562611458,2.1
179,ulladulla,-35.36,10.0,0,76,150.48,AU,1562611304,6.2
180,upernavik,72.79,5.28,100,77,-56.15,GL,1562611458,6.46
181,mount gambier,-37.83,8.0,90,100,140.78,AU,1562611459,3.6
182,kapaa,22.08,28.0,75,74,-159.32,US,1562611320,7.2
183,iida,35.45,20.0,100,92,137.9,JP,1562611459,1.34
184,saskylakh,71.97,9.38,73,95,114.09,RU,1562610992,2.95
185,yeppoon,-23.13,18.0,90,82,150.74,AU,1562611460,2.1
186,podporozhye,60.91,14.28,71,89,34.16,RU,1562611460,3.09
187,quatis,-22.41,16.68,0,64,-44.26,BR,1562611460,2.0
188,loralai,30.37,29.18,0,16,68.6,PK,1562611461,4.13
189,bonfim,3.36,31.88,12,51,-59.84,GY,1562611461,2.2
190,zapolyarnyy,69.43,10.0,0,66,30.82,RU,1562611461,7.2
191,vila velha,-3.71,30.0,20,58,-38.6,BR,1562611290,7.7
192,saint-pierre,48.95,22.0,0,40,4.24,FR,1562611462,7.7
193,oksfjord,70.24,18.0,0,52,22.35,NO,1562611462,4.1
194,grandview,38.89,32.0,75,54,-94.53,US,1562611283,1.5
195,keti bandar,24.14,28.38,45,85,67.45,PK,1562611344,9.5
196,karratha,-20.74,19.88,0,43,116.85,AU,1562611084,4.03
197,kaduqli,11.01,25.48,100,75,29.72,SD,1562611366,1.71
198,saint george,39.45,32.0,20,29,22.34,GR,1562611375,3.6
199,capelinha,-17.69,22.38,8,44,-42.52,BR,1562611167,4.15
200,kansk,56.21,14.78,17,69,95.71,RU,1562611463,2.0
201,dunedin,-45.87,7.78,98,58,170.5,NZ,1562611463,2.68
202,harper,30.3,33.89,1,55,-99.24,US,1562611347,4.6
203,salta,-24.79,16.0,0,58,-65.41,AR,1562611464,1.5
204,weiser,44.25,24.0,1,36,-116.97,US,1562611464,2.23
205,aklavik,68.22,16.0,75,71,-135.01,CA,1562611313,1.0
206,linjiang,41.81,12.08,1,69,126.91,CN,1562611465,0.83
207,chuy,-33.69,12.68,27,58,-53.46,UY,1562611310,2.0
208,oussouye,12.49,31.0,0,74,-16.54,SN,1562611465,1.0
209,ust-tsilma,65.44,13.68,54,63,52.15,RU,1562611466,3.11
210,sambava,-14.27,19.98,0,92,50.17,MG,1562611466,1.02
211,pisco,-13.71,22.0,20,30,-76.2,PE,1562611025,4.6
212,kozova,49.43,16.67,0,55,25.15,UA,1562611466,2.0
213,talnakh,69.49,9.0,0,81,88.39,RU,1562611466,12.0
214,manjacaze,-24.71,17.58,1,76,33.88,MZ,1562611467,2.35
215,lixourion,38.2,30.0,0,74,20.43,GR,1562611467,4.6
216,pacific grove,36.62,22.78,90,72,-121.92,US,1562611015,3.6
217,touho,-20.78,15.08,99,81,165.23,NC,1562611467,1.11
218,khomutovo,52.85,15.18,100,89,37.45,RU,1562611468,2.72
219,pitogo,13.79,27.68,100,79,122.09,PH,1562611468,0.83
220,severo-yeniseyskiy,60.37,13.28,54,71,93.04,RU,1562611468,3.07
221,poum,41.28,25.0,40,53,20.71,MK,1562611468,1.0
222,sabinas,27.85,33.88,100,40,-101.13,MX,1562611469,0.44
223,los llanos de aridane,28.66,24.0,20,64,-17.92,ES,1562611318,7.2
224,kamphaeng phet,16.47,24.58,100,89,99.53,TH,1562611469,0.75
225,mbuyapey,-26.22,18.68,0,53,-56.76,PY,1562611469,2.82
226,dafeng,33.2,23.33,100,81,120.46,CN,1562611470,2.44
227,caala,-12.85,14.78,0,19,15.56,AO,1562611470,2.2
228,kruisfontein,-34.0,13.88,100,74,24.73,ZA,1562611297,4.61
229,hambantota,6.12,27.0,40,100,81.12,LK,1562611286,3.6
230,manavalakurichi,8.13,28.0,40,83,77.3,IN,1562611470,1.0
231,ranong,9.96,25.0,20,100,98.62,TH,1562611471,4.78
232,zhangjiakou,40.77,15.18,100,72,114.88,CN,1562611471,3.66
233,ribeira grande,38.52,23.0,20,69,-28.7,PT,1562611131,6.7
234,lebu,8.96,16.0,75,87,38.73,ET,1562611303,1.0
235,gornoye loo,43.72,25.0,75,73,39.61,RU,1562611471,4.0
236,saint leonard,38.47,24.44,75,88,-76.51,US,1562611435,5.7
237,laguna,16.17,29.0,40,79,-88.94,BZ,1562611375,2.1
238,ufimskiy,56.71,10.28,100,96,58.05,RU,1562611472,1.87
239,haines junction,60.75,18.88,97,41,-137.51,CA,1562611472,1.17
240,constitucion,23.99,21.67,40,55,-104.67,MX,1562611144,2.1
241,bay roberts,47.58,24.44,20,35,-53.28,CA,1562611473,7.7
242,tuatapere,-46.13,8.33,100,83,167.69,NZ,1562611299,6.26
243,lobito,-12.35,19.78,3,90,13.55,AO,1562611473,2.97
244,yulara,-25.24,8.0,0,52,130.99,AU,1562611342,3.1
245,salalah,17.01,29.0,75,89,54.1,OM,1562611123,2.6
246,cabo san lucas,22.89,36.11,75,27,-109.91,MX,1562611317,2.1
247,greeneville,36.16,32.22,75,65,-82.83,US,1562611212,2.1
248,beloha,-25.17,17.88,0,87,45.06,MG,1562611474,2.13
249,geraldton,49.72,26.0,90,44,-86.95,CA,1562611474,2.1
250,sarkand,45.41,24.68,5,27,79.91,KZ,1562611475,3.07
251,goma,-1.67,13.68,18,93,29.23,CD,1562611475,0.27
252,chifeng,42.27,18.58,100,70,118.96,CN,1562611475,1.25
253,batticaloa,7.71,26.88,100,75,81.69,LK,1562611294,0.28
254,nampula,-15.12,20.0,0,77,39.26,MZ,1562611476,3.1
255,jadu,31.95,33.08,0,18,12.03,LY,1562611476,5.26
256,merrill,42.03,22.22,1,42,-121.6,US,1562611476,3.1
257,port hedland,-20.31,15.0,0,67,118.58,AU,1562611476,4.1
258,ancud,-41.87,10.0,90,100,-73.83,CL,1562611336,6.2
259,san patricio,-26.98,17.38,0,57,-56.83,PY,1562611318,2.76
260,aksu,52.04,14.0,0,93,76.93,KZ,1562611477,3.0
261,buala,-8.15,25.88,51,85,159.59,SB,1562611371,3.91
262,imbituba,-28.24,20.0,0,52,-48.67,BR,1562611284,5.7
263,romitan,39.93,29.0,0,32,64.38,UZ,1562611477,5.1
264,soyo,-6.13,24.0,20,83,12.37,AO,1562611237,2.6
265,ilheus,-14.79,26.0,40,65,-39.05,BR,1562611411,6.2
266,praia,-20.25,21.0,0,43,-43.81,BR,1562611172,4.6
267,ust-kuyga,70.0,14.48,100,89,135.55,RU,1562611478,3.2
268,luorong,24.41,25.38,100,94,109.6,CN,1562611479,2.53
269,zmeinogorsk,51.15,16.38,100,69,82.2,RU,1562611479,2.7
270,foso,5.7,22.88,100,90,-1.29,GH,1562611479,3.26
271,grand gaube,-20.01,22.22,75,94,57.66,MU,1562611479,2.1
272,avera,33.19,35.56,40,55,-82.53,US,1562611480,1.5
273,ishigaki,24.34,28.88,95,86,124.16,JP,1562611480,6.67
274,perry,30.12,32.22,40,59,-83.58,US,1562611480,5.6
275,bowen,-20.01,18.89,90,93,148.25,AU,1562611480,2.6
276,amapa,15.09,30.0,75,70,-87.97,HN,1562611481,3.1
277,lagoa,37.14,23.89,20,77,-8.45,PT,1562611293,9.3
278,luderitz,-26.65,15.0,0,77,15.16,NA,1562611300,3.6
279,itupiranga,-5.13,31.0,40,58,-49.33,BR,1562611341,2.1
280,olinda,-37.84,9.44,48,93,145.39,AU,1562611481,3.1
281,lata,30.78,9.18,100,98,78.62,IN,1562611377,2.01
282,bonanza,14.03,29.98,100,56,-84.62,NI,1562611482,2.52
283,tiksi,71.64,11.58,83,84,128.87,RU,1562611271,2.51
284,flinders,-34.58,11.67,0,76,150.85,AU,1562611482,6.2
285,solnechnyy,50.72,15.18,86,96,136.64,RU,1562611483,2.03
286,emporia,38.4,32.22,75,70,-96.18,US,1562611483,5.7
287,pudozh,61.81,13.78,100,89,36.54,RU,1562611483,2.46
288,sao gabriel,-30.34,13.78,19,61,-54.32,BR,1562611483,3.05
289,pallasovka,50.04,22.68,0,43,46.89,RU,1562611484,1.49
290,gladstone,-23.84,14.44,12,87,151.26,AU,1562611484,2.6
291,linares,-35.85,15.28,17,70,-71.6,CL,1562611484,4.77
292,takoradi,4.89,23.08,100,90,-1.75,GH,1562611316,2.36
293,piacabucu,-10.41,23.38,99,88,-36.43,BR,1562611282,5.27
294,bitkine,11.98,28.28,94,60,18.21,TD,1562611485,3.9
295,griffith,-34.29,3.0,90,100,146.06,AU,1562611485,1.92
296,acapulco,16.86,31.0,20,74,-99.88,MX,1562611321,2.6
297,punaauia,-17.63,26.0,20,74,-149.6,PF,1562611485,1.5
298,floro,61.6,17.22,20,63,5.03,NO,1562611486,6.2
299,zhuhai,40.71,20.0,20,56,112.04,CN,1562611315,5.0
300,shache,38.42,21.67,1,95,77.24,CN,1562611486,0.45
301,mackay,53.65,14.0,90,87,-115.58,CA,1562611486,3.6
302,manzanillo,19.05,32.0,75,66,-104.32,MX,1562611413,5.1
303,lakes entrance,-37.88,4.44,6,90,147.99,AU,1562611487,4.59
304,porbandar,21.64,28.18,44,84,69.61,IN,1562611488,7.02
305,tuktoyaktuk,69.44,9.0,40,70,-133.03,CA,1562611488,3.1
306,airai,-8.93,19.58,38,87,125.41,TL,1562611311,1.93
307,lopatyn,50.22,13.18,21,77,24.84,UA,1562611489,4.88
308,navalmoral de la mata,39.89,25.0,50,38,-5.54,ES,1562611489,5.72
309,vaitape,-16.52,26.18,34,82,-151.75,PF,1562611260,7.48
310,hualmay,-11.1,17.08,51,86,-77.61,PE,1562611150,6.0
311,meulaboh,4.14,27.58,64,80,96.13,ID,1562611490,3.58
312,mweka,-4.85,24.88,24,47,21.56,CD,1562611490,0.75
313,menongue,-14.66,14.48,0,16,17.68,AO,1562611490,2.02
314,velsk,61.07,14.38,86,96,42.1,RU,1562611374,2.2
315,marsa matruh,31.35,26.48,0,82,27.25,EG,1562611302,6.16
316,porto nacional,-10.7,32.0,40,43,-48.41,BR,1562611491,1.5
317,alugan,12.22,23.88,99,93,125.48,PH,1562611491,1.37
318,aguilas,37.41,30.0,0,35,-1.58,ES,1562611492,4.6
319,listvyanskiy,54.44,15.38,17,77,83.49,RU,1562611492,2.45
320,myaundzha,63.05,8.18,63,84,147.18,RU,1562611492,1.82
321,gourcy,13.21,35.78,30,28,-2.36,BF,1562611492,4.05
322,henties bay,-22.12,13.33,0,87,14.28,NA,1562611492,5.08
323,clyde river,70.47,11.0,20,71,-68.59,CA,1562611293,4.1
324,abha,18.22,22.0,0,77,42.5,SA,1562611493,3.1
325,yumen,40.29,21.38,32,36,97.04,CN,1562611493,3.93
326,bucerias,20.76,31.67,75,62,-105.33,MX,1562611294,3.6
327,kizema,61.11,14.38,90,86,44.83,RU,1562611494,1.91
328,hamilton,43.26,27.22,75,44,-79.87,CA,1562611315,2.6
329,hofn,64.25,9.0,90,76,-15.21,IS,1562611388,3.1
330,tarko-sale,64.92,11.67,100,94,77.78,RU,1562611354,5.37
331,kalmunai,7.42,26.88,100,75,81.82,LK,1562611494,0.28
332,klaksvik,62.23,12.0,20,76,-6.59,FO,1562611495,1.5
333,kamyshevatskaya,46.41,25.18,0,72,37.96,RU,1562611495,10.04
334,krasnooktyabrskiy,44.93,24.44,0,47,38.37,RU,1562611495,3.0
335,lighthouse point,26.28,28.0,90,88,-80.09,US,1562611495,3.1
336,la ronge,55.1,16.0,75,67,-105.3,CA,1562611496,4.6
337,kavaratti,10.57,28.58,100,80,72.64,IN,1562611275,6.97
338,samana,0.12,22.0,90,94,-76.97,EC,1562611496,1.0
339,adrar,27.87,45.0,0,9,-0.29,DZ,1562611496,3.1
340,viedma,-40.81,12.98,100,54,-62.99,AR,1562611497,3.42
341,ourossogui,15.61,35.48,98,35,-13.32,SN,1562611497,8.31
342,creel,27.75,26.58,47,32,-107.63,MX,1562611337,0.67
343,wanning,48.64,20.0,20,63,13.53,AT,1562611497,4.6
344,alyangula,-13.85,17.0,4,93,136.42,AU,1562611498,2.14
345,bonavista,48.65,15.68,0,56,-53.11,CA,1562611322,6.79
346,serov,59.61,11.48,56,95,60.57,RU,1562611498,2.1
347,santo tomas,7.53,23.33,90,100,125.62,PH,1562611498,1.0
348,inirida,3.87,22.68,74,94,-67.92,CO,1562611315,2.34
349,launceston,-41.43,5.56,40,100,147.14,AU,1562611499,2.6
350,xinpu,27.63,19.98,100,99,119.93,CN,1562611499,0.7
351,neiafu,-18.65,24.0,90,94,-173.98,TO,1562611499,2.1
352,okha,53.59,7.18,29,93,142.95,RU,1562611500,2.86
353,yerbogachen,61.28,18.78,78,58,108.01,RU,1562611500,3.0
354,harindanga,22.04,29.0,40,89,88.32,IN,1562611500,4.1
355,chadiza,-14.06,19.38,0,23,32.43,ZM,1562611500,4.75
356,bonthe,7.53,23.98,100,89,-12.5,SL,1562611369,5.97
357,mizan teferi,6.99,16.68,51,96,35.58,ET,1562611501,1.76
358,balakhninskiy,58.01,12.68,54,87,114.28,RU,1562611501,0.36
359,barbastro,42.04,25.56,64,50,0.13,ES,1562611502,9.8
360,ramhormoz,31.28,35.38,0,8,49.6,IR,1562611502,5.05
361,husavik,50.56,28.33,97,53,-96.99,CA,1562611351,1.34
362,pedernales,0.07,23.88,83,86,-80.05,EC,1562611503,6.57
363,tefe,-3.35,27.0,40,74,-64.71,BR,1562611503,4.6
364,ariquemes,-9.91,32.38,0,33,-63.03,BR,1562611503,1.37
365,klyuchi,52.25,18.58,0,47,79.17,RU,1562611349,2.33
366,marabba,12.35,29.78,100,50,32.18,SD,1562611504,4.21
367,saint-joseph,43.56,30.56,0,78,6.97,FR,1562611279,2.6
368,nizhniy baskunchak,48.22,27.88,42,34,46.83,RU,1562611504,2.73
369,hongjiang,27.21,18.08,100,98,109.83,CN,1562611504,1.76
370,sonoita,31.68,36.11,1,10,-110.66,US,1562611505,7.2
371,fairbanks,64.84,22.78,75,52,-147.72,US,1562611100,3.54
372,vardo,39.62,23.33,90,94,-77.74,US,1562611505,3.6
373,blackwater,51.33,21.11,90,48,-0.78,GB,1562611506,4.6
374,taft,11.9,22.28,94,93,125.42,PH,1562611506,0.15
375,sao gotardo,-19.31,23.33,0,48,-46.05,BR,1562611506,1.79
376,kutum,14.2,24.58,99,59,24.66,SD,1562611506,2.56
377,santa catalina,-33.79,14.44,66,42,-57.49,UY,1562611507,3.62
378,totma,59.98,13.38,87,92,42.76,RU,1562611507,0.42
379,bambous virieux,-20.34,22.22,75,94,57.76,MU,1562610994,2.1
380,manta,45.1,19.28,0,61,24.1,RO,1562611507,4.0
381,rio grande,-32.03,17.0,0,63,-52.1,BR,1562611507,3.1
382,saint-georges,46.12,24.44,0,45,-70.67,CA,1562611508,1.34
383,mecca,21.43,30.18,0,34,39.83,SA,1562611340,3.78
384,nador,35.17,25.0,0,44,-2.93,MA,1562611504,6.2
385,nhulunbuy,-12.18,22.0,0,94,136.78,AU,1562611508,2.6
386,komsomolskiy,67.55,8.78,76,68,63.78,RU,1562611509,4.97
387,tigre,-34.42,17.78,0,58,-58.58,AR,1562611509,4.1
388,zhigansk,66.77,15.78,9,87,123.37,RU,1562611326,3.62
389,rio verde de mato grosso,-18.92,24.88,0,29,-54.84,BR,1562611509,0.48
390,kaeo,-35.1,6.67,94,94,173.78,NZ,1562611510,0.45
391,heide,54.19,15.0,75,71,9.09,DE,1562611510,5.1
392,walvis bay,-22.95,22.0,0,73,14.51,NA,1562611347,2.1
393,camacupa,-12.02,14.18,0,22,17.48,AO,1562611510,1.77
394,puerto narino,-3.77,26.0,75,74,-70.38,CO,1562611510,2.1
395,namatanai,-3.66,25.98,100,83,152.44,PG,1562611511,7.29
396,alofi,-19.06,19.0,40,93,-169.92,NU,1562611334,0.5
397,port-gentil,-0.72,24.0,90,88,8.78,GA,1562611511,3.1
398,flin flon,54.77,22.0,75,60,-101.88,CA,1562611256,3.1
399,bima,-8.45,18.18,50,97,118.73,ID,1562611511,1.21
400,balkhash,46.84,26.78,36,43,74.98,KZ,1562611512,9.37
401,kisiwani,-4.13,21.98,15,64,37.95,TZ,1562611512,5.76
402,shahr-e kord,32.33,23.0,0,17,50.85,IR,1562611512,4.1
403,santa fe,-31.62,17.22,28,44,-60.7,AR,1562611347,2.24
404,muros,42.77,23.33,75,88,-9.06,ES,1562611513,4.6
405,pasni,25.26,26.98,16,90,63.48,PK,1562611513,2.03
406,sangar,63.92,14.98,100,93,127.47,RU,1562611513,4.97
407,liverpool,53.41,19.0,75,63,-2.98,GB,1562611506,3.6
408,bubaque,11.28,25.58,99,90,-15.83,GW,1562611282,8.0
409,mandal,48.82,13.88,0,63,106.5,MN,1562611514,1.24
410,samarai,-10.62,21.68,66,89,150.67,PG,1562611514,2.24
411,dengzhou,32.69,20.38,100,88,112.08,CN,1562611515,3.41
412,sao jose da coroa grande,-8.9,24.08,24,84,-35.15,BR,1562611515,3.22
413,caravelas,-17.73,21.58,33,73,-39.27,BR,1562611349,5.78
414,jalu,29.03,33.48,0,19,21.55,LY,1562611144,3.64
415,amahai,-3.31,26.67,73,94,129.0,ID,1562611516,5.3
416,west memphis,35.15,35.56,20,66,-90.18,US,1562611224,1.5
417,kambove,-10.88,14.58,66,35,26.6,CD,1562611516,1.35
418,tibati,6.47,20.38,99,93,12.63,CM,1562611516,0.15
419,si sa ket,15.12,26.0,75,88,104.33,TH,1562611517,0.5
420,salinopolis,-0.61,27.48,28,78,-47.36,BR,1562611517,7.05
421,thinadhoo,0.53,29.28,43,76,72.93,MV,1562611517,5.67
422,birin,26.89,26.0,75,100,88.07,NP,1562611518,2.6
423,octeville,49.63,21.0,0,46,-1.64,FR,1562611518,5.7
424,medvedevo,54.96,12.0,40,93,60.77,RU,1562611518,3.0
425,morondava,-20.3,23.98,40,72,44.28,MG,1562611518,9.29
426,tarrafal,15.28,28.0,75,54,-23.77,CV,1562611519,7.7
427,brainerd,46.36,29.0,1,48,-94.2,US,1562611519,6.2
428,baykit,61.68,10.78,33,90,96.39,RU,1562611519,2.38
429,kyren,51.68,9.58,59,78,102.13,RU,1562611520,1.43
430,abnub,27.27,30.58,0,15,31.15,EG,1562611520,3.59
431,vostok,46.45,17.28,1,92,135.83,RU,1562611520,1.59
432,mandera,3.94,29.48,58,47,41.86,ET,1562611521,7.11
433,luganville,-15.51,25.0,75,78,167.18,VU,1562611521,3.6
434,port macquarie,-31.43,10.56,1,100,152.91,AU,1562611460,2.1
435,anchorage,61.22,24.44,5,53,-149.89,US,1562611340,1.5
436,canavieiras,-15.68,26.0,75,65,-38.95,BR,1562611521,6.2
437,tacna,-18.01,17.0,0,63,-70.25,PE,1562611312,2.1
438,smolensk,54.79,12.48,45,93,32.05,RU,1562611522,2.27
439,hobyo,5.35,26.08,17,74,48.53,SO,1562611360,11.6
440,campbell river,50.02,17.0,90,82,-125.24,CA,1562611523,1.5
441,san policarpo,12.18,25.28,97,90,125.51,PH,1562611523,2.68
442,charters towers,-20.07,16.28,69,88,146.27,AU,1562611523,3.54
443,traverse city,44.76,26.11,90,44,-85.62,US,1562611342,3.1
444,yaan,7.38,22.78,100,94,8.57,NG,1562611524,2.86
445,kommunar,59.62,15.0,75,72,30.39,RU,1562611524,4.0
446,port augusta,-32.49,4.0,0,93,137.76,AU,1562611524,2.6
447,deori khas,23.39,24.18,100,91,79.03,IN,1562611524,5.41
448,palauig,15.44,28.68,76,79,119.9,PH,1562611525,6.32
449,gewane,10.16,33.18,0,32,40.66,ET,1562611525,4.09
450,ostrovnoy,68.05,4.28,97,91,39.51,RU,1562611328,5.9
451,ternate,14.29,29.44,75,83,120.72,PH,1562611525,2.1
452,teya,21.05,34.44,75,55,-89.07,MX,1562611526,2.1
453,teeli,51.01,13.48,37,73,90.2,RU,1562611526,1.15
454,orodara,10.98,28.0,40,74,-4.92,BF,1562611526,4.1
455,cootamundra,-34.64,3.89,0,97,148.03,AU,1562611526,1.63
456,collie,-33.36,11.11,7,73,116.15,AU,1562611527,0.6
457,viytivka,48.43,15.48,36,76,29.54,UA,1562611527,4.64
458,comodoro rivadavia,-45.87,12.0,0,76,-67.48,AR,1562611359,3.1
459,iskateley,67.68,3.78,4,86,53.15,RU,1562611527,6.25
460,shuangcheng,45.37,22.0,15,94,126.3,CN,1562611528,1.0
461,inuvik,68.36,16.0,40,48,-133.71,CA,1562611528,2.1
462,tommot,58.97,16.38,17,85,126.27,RU,1562611528,1.26
463,okhotsk,59.36,6.18,19,91,143.24,RU,1562611529,0.97
464,thessalon,46.26,25.0,1,38,-83.55,CA,1562611529,2.1
465,rayachoti,14.06,27.98,100,53,78.75,IN,1562611529,7.27
466,miramar,10.09,25.0,75,88,-84.73,CR,1562611529,7.2
467,tuy hoa,13.08,25.88,43,72,109.3,VN,1562611308,2.8
468,thiruvananthapuram,8.48,28.0,40,83,76.92,IN,1562611235,1.0
469,prince rupert,54.32,14.0,90,93,-130.32,CA,1562611530,1.5
470,auki,12.18,27.88,70,65,6.51,NG,1562611530,4.17
471,kieta,-6.22,26.08,88,83,155.63,PG,1562611531,4.51
472,nipawin,53.36,21.0,90,77,-104.02,CA,1562611531,3.6
473,gardendale,32.03,35.0,1,43,-102.33,US,1562611531,1.5
474,lodja,-3.52,26.28,85,48,23.6,CD,1562611532,0.5
475,beatrice,40.27,32.22,40,58,-96.75,US,1562611532,5.1
476,bereda,43.27,20.56,20,82,-7.54,ES,1562611373,4.6
477,didwana,27.4,35.68,78,41,74.58,IN,1562611532,5.37
478,sena madureira,-9.07,30.88,28,38,-68.66,BR,1562611532,1.1
479,santa fe do sul,-20.21,22.98,0,38,-50.93,BR,1562611533,2.48
480,santo antonio do ica,-3.1,30.68,51,48,-67.94,BR,1562611533,1.77
481,kirakira,-10.46,25.38,82,86,161.92,SB,1562611533,5.02
482,yinchuan,38.48,17.78,99,55,106.21,CN,1562611533,0.35
483,rio gallegos,-51.62,6.0,75,93,-69.22,AR,1562611366,3.1
484,vanimo,-2.67,27.28,61,79,141.3,PG,1562611534,2.64
485,antigonish,45.62,25.56,1,38,-61.99,CA,1562611428,6.2
486,prattville,32.46,34.44,90,59,-86.46,US,1562611364,2.1
487,kisangani,0.52,23.38,8,83,25.21,CD,1562611534,1.04
488,sabha,27.03,34.68,0,10,14.43,LY,1562611535,4.57
489,nakamura,35.17,25.56,75,83,136.87,JP,1562611535,6.7
490,omboue,-1.57,22.38,62,88,9.26,GA,1562611535,5.19
491,marquette,46.54,26.11,5,41,-87.4,US,1562611536,1.5
492,kapit,2.02,22.08,87,97,112.94,MY,1562611536,0.33
493,tateyama,36.66,22.78,96,87,137.31,JP,1562611376,0.38
494,waipawa,-39.94,1.67,23,94,176.59,NZ,1562611536,0.97
495,katubao,5.89,25.38,28,74,124.83,PH,1562611537,1.87
496,madang,35.32,2.98,93,98,102.79,CN,1562611537,1.08
497,chipinge,-20.19,14.48,0,67,32.62,ZW,1562611537,0.88
498,byron bay,-28.65,12.78,22,100,153.62,AU,1562611434,1.5
499,wonthaggi,-38.6,9.44,2,90,145.59,AU,1562611537,4.16
500,evensk,61.92,12.88,82,66,159.24,RU,1562611538,3.39
501,ossora,59.24,8.68,100,94,163.07,RU,1562611538,1.69
502,show low,34.25,29.44,1,13,-110.03,US,1562611538,7.2
503,manzhouli,49.6,15.08,17,86,117.43,CN,1562611538,3.55
504,crib point,-38.35,9.44,0,90,145.2,AU,1562611539,6.97
505,raudeberg,61.99,16.0,20,63,5.14,NO,1562611539,6.2
506,manokwari,-0.87,22.48,52,80,134.08,ID,1562611539,2.53
507,at-bashi,41.17,11.58,40,59,75.81,KG,1562611540,1.44
508,ambilobe,-13.19,23.38,7,82,49.05,MG,1562611540,1.96
509,tual,-5.67,25.68,26,84,132.75,ID,1562611540,8.85
510,utmanzai,34.19,32.88,0,29,71.76,PK,1562611540,0.65
511,bushehr,28.97,34.0,0,49,50.84,IR,1562611541,7.2
512,gwadar,25.12,29.18,0,82,62.33,PK,1562611541,3.71
513,ocos,14.51,33.0,40,62,-92.19,GT,1562611541,3.1
514,hervey bay,-25.3,13.89,40,93,152.85,AU,1562611541,2.1
515,olga,34.11,21.67,90,60,-118.17,US,1562611542,2.98
516,kijang,35.24,21.0,75,73,129.21,KR,1562611542,3.1
517,the valley,18.22,31.0,40,74,-63.06,AI,1562611542,6.7
518,saint-augustin,45.63,27.78,40,38,-73.98,CA,1562611542,4.1
519,sharjah,25.36,35.0,0,75,55.39,AE,1562611543,3.1
520,tabou,4.42,23.18,100,87,-7.36,CI,1562611335,3.11
521,gondanglegi,-7.75,19.78,45,93,112.01,ID,1562611543,3.04
522,eagle,43.7,24.0,1,43,-116.35,US,1562611543,3.21
523,tautira,-17.73,26.0,20,74,-149.15,PF,1562611095,1.5
524,port lincoln,-34.72,14.98,0,78,135.86,AU,1562611307,5.68
525,ayagoz,47.96,19.08,31,56,80.43,KZ,1562611338,4.7
526,shelburne,44.08,27.0,20,36,-80.2,CA,1562611544,3.1
527,northam,-31.65,12.0,90,93,116.67,AU,1562611330,1.02
528,chichester,50.84,20.56,0,59,-0.78,GB,1562611544,3.1
529,misratah,32.38,28.68,0,59,15.09,LY,1562611545,3.17
530,namibe,-15.19,20.28,0,85,12.15,AO,1562611322,1.79
531,shingu,33.72,17.48,100,98,135.99,JP,1562611545,1.8
532,blyznyuky,48.86,17.08,100,96,36.56,UA,1562611545,2.68
533,sawakin,19.1,31.28,15,29,37.33,SD,1562611546,1.65
534,churapcha,62.0,15.88,55,73,132.43,RU,1562611546,3.22
